trial_type	onset	duration	duration_bk2	level	stim_file
gym-retro_game	0.007600000000820728	259.05579999999827	259.1333333333333	1-0	sourcedata/sub-06/ses-shinobi_013/sub-06_ses-shinobi_013_20210226-154840_ShinobiIIIReturnOfTheNinjaMaster-Genesis_Level1-0_002.bk2
gym-retro_game	265.09779999999955	199.91860000000088	199.93333333333334	4-1	sourcedata/sub-06/ses-shinobi_013/sub-06_ses-shinobi_013_20210226-154840_ShinobiIIIReturnOfTheNinjaMaster-Genesis_Level4-1_002.bk2
gym-retro_game	471.0506000000005	224.2523999999994	208.35	5-0	
