trial_type	onset	duration	duration_bk2	level	stim_file
gym-retro_game	0.007700000000113505	172.47170000000006	162.61666666666667	1-0	
gym-retro_game	178.51950000000033	96.36070000000109	96.43333333333334	4-1	sourcedata/sub-01/ses-shinobi_002/sub-01_ses-shinobi_002_20200921-151310_ShinobiIIIReturnOfTheNinjaMaster-Genesis_Level4-1_002.bk2
gym-retro_game	280.9197000000004	135.89869999999974	135.98333333333332	5-0	sourcedata/sub-01/ses-shinobi_002/sub-01_ses-shinobi_002_20200921-151310_ShinobiIIIReturnOfTheNinjaMaster-Genesis_Level5-0_002.bk2
gym-retro_game	422.8586000000014	195.3144999999986	195.4	1-0	sourcedata/sub-01/ses-shinobi_002/sub-01_ses-shinobi_002_20200921-151310_ShinobiIIIReturnOfTheNinjaMaster-Genesis_Level1-0_003.bk2
