trial_type	onset	duration	duration_bk2	level	stim_file
gym-retro_game	0.0077000000001135	172.47170000000006	162.61666666666667	1-0	Missing file
gym-retro_game	178.5195000000003	96.36070000000107	96.43333333333334	4-1	sub-01/ses-002/gamelogs/sub-01_ses-002_task-shinobi_run-03_level-4_rep-03.bk2
gym-retro_game	280.9197000000004	135.89869999999974	135.98333333333332	5-0	sub-01/ses-002/gamelogs/sub-01_ses-002_task-shinobi_run-03_level-5_rep-03.bk2
gym-retro_game	422.8586000000014	195.3144999999986	195.4	1-0	sub-01/ses-002/gamelogs/sub-01_ses-002_task-shinobi_run-03_level-1_rep-04.bk2
