trial_type	onset	duration	duration_bk2	level	stim_file
gym-retro_game	0.0076000000117346	160.06789999999455	160.13333333333333	1-0	sub-01/ses-013/gamelogs/sub-01_ses-013_task-shinobi_run-05_level-1_rep-06.bk2
gym-retro_game	166.14240000001155	130.04999999998836	95.06666666666666	4-1	Missing file
gym-retro_game	302.22630000000936	136.12109999998938	136.13333333333333	5-0	sub-01/ses-013/gamelogs/sub-01_ses-013_task-shinobi_run-05_level-5_rep-04.bk2
gym-retro_game	444.3819000000076	172.93779999998517	172.93333333333334	1-0	sub-01/ses-013/gamelogs/sub-01_ses-013_task-shinobi_run-05_level-1_rep-07.bk2
