trial_type	onset	duration	duration_bk2	level	stim_file
gym-retro_game	0.007400000002235174	172.0951000000059	172.15	1-0	sourcedata/sub-01/ses-shinobi_013/sub-01_ses-shinobi_013_20201218-103509_ShinobiIIIReturnOfTheNinjaMaster-Genesis_Level1-0_003.bk2
gym-retro_game	178.16930000000866	108.25049999999464	102.95	4-1	
gym-retro_game	292.4538000000175	124.21700000000419	124.23333333333333	5-0	sourcedata/sub-01/ses-shinobi_013/sub-01_ses-shinobi_013_20201218-103509_ShinobiIIIReturnOfTheNinjaMaster-Genesis_Level5-0_002.bk2
gym-retro_game	422.70490000001155	153.61759999999776	153.63333333333333	1-0	sourcedata/sub-01/ses-shinobi_013/sub-01_ses-shinobi_013_20201218-103509_ShinobiIIIReturnOfTheNinjaMaster-Genesis_Level1-0_004.bk2
gym-retro_game	582.3562000000093	95.06649999998626	95.06666666666666	4-1	sourcedata/sub-01/ses-shinobi_013/sub-01_ses-shinobi_013_20201218-103509_ShinobiIIIReturnOfTheNinjaMaster-Genesis_Level4-1_003.bk2
