trial_type	onset	duration	duration_bk2	level	stim_file
gym-retro_game	0.0082000000002153	222.890199999998	222.9333333333333	1-0	sub-04/ses-001/gamelogs/sub-04_ses-001_task-shinobi_run-01_level-1_rep-01.bk2
gym-retro_game	228.93179999999847	55.86740000000282	55.88333333333333	4-1	sub-04/ses-001/gamelogs/sub-04_ses-001_task-shinobi_run-01_level-4_rep-01.bk2
gym-retro_game	290.8323999999993	187.18539999999848	187.2	5-0	sub-04/ses-001/gamelogs/sub-04_ses-001_task-shinobi_run-01_level-5_rep-01.bk2
gym-retro_game	484.0851000000002	214.1209999999992	214.11666666666667	1-0	sub-04/ses-001/gamelogs/sub-04_ses-001_task-shinobi_run-01_level-1_rep-02.bk2
