trial_type	onset	duration	duration_bk2	level	stim_file
gym-retro_game	0.007799999999406282	190.08490000000165	190.15	1-0	sourcedata/sub-04/ses-shinobi_001/sub-04_ses-shinobi_001_20210118-131217_ShinobiIIIReturnOfTheNinjaMaster-Genesis_Level1-0_004.bk2
gym-retro_game	196.12690000000293	164.73500000000058	164.75	4-1	sourcedata/sub-04/ses-shinobi_001/sub-04_ses-shinobi_001_20210118-131217_ShinobiIIIReturnOfTheNinjaMaster-Genesis_Level4-1_004.bk2
gym-retro_game	366.89590000000317	210.80229999999574	188.16666666666666	5-0	
gym-retro_game	583.7323000000033	203.11869999999908	203.11666666666667	1-0	sourcedata/sub-04/ses-shinobi_001/sub-04_ses-shinobi_001_20210118-131217_ShinobiIIIReturnOfTheNinjaMaster-Genesis_Level1-0_005.bk2
