trial_type	onset	duration	duration_bk2	level	stim_file
gym-retro_game	0.007600000004458707	211.0896999999968	212.11666666666667	1-0	
gym-retro_game	217.1640000000043	216.10339999999997	216.11666666666667	4-1	sourcedata/sub-04/ses-shinobi_001/sub-04_ses-shinobi_001_20210118-131217_ShinobiIIIReturnOfTheNinjaMaster-Genesis_Level4-1_003.bk2
gym-retro_game	439.3015000000014	188.16930000000139	188.16666666666666	5-0	sourcedata/sub-04/ses-shinobi_001/sub-04_ses-shinobi_001_20210118-131217_ShinobiIIIReturnOfTheNinjaMaster-Genesis_Level5-0_003.bk2
