trial_type	onset	duration	duration_bk2	level	stim_file
gym-retro_game	0.007499999992433004	268.24099999999453	268.31666666666666	1-0	sourcedata/sub-06/ses-shinobi_001/sub-06_ses-shinobi_001_20201202-144914_ShinobiIIIReturnOfTheNinjaMaster-Genesis_Level1-0_002.bk2
gym-retro_game	274.27999999999884	279.3551000000007	279.3666666666667	4-1	sourcedata/sub-06/ses-shinobi_001/sub-06_ses-shinobi_001_20201202-144914_ShinobiIIIReturnOfTheNinjaMaster-Genesis_Level4-1_001.bk2
gym-retro_game	559.6659999999974	103.35020000000077	237.16666666666666	5-0	
