trial_type	onset	duration	duration_bk2	level	stim_file
gym-retro_game	0.007500000000163709	181.10949999999957	173.11666666666667	1-0	
gym-retro_game	187.1507999999999	163.71759999999995	163.73333333333332	4-1	sourcedata/sub-04/ses-shinobi_011/sub-04_ses-shinobi_011_20210318-091402_ShinobiIIIReturnOfTheNinjaMaster-Genesis_Level4-1_003.bk2
gym-retro_game	356.90239999999994	169.70150000000012	169.71666666666667	5-0	sourcedata/sub-04/ses-shinobi_011/sub-04_ses-shinobi_011_20210318-091402_ShinobiIIIReturnOfTheNinjaMaster-Genesis_Level5-0_003.bk2
gym-retro_game	532.6379999999999	176.10189999999966	176.1	1-0	sourcedata/sub-04/ses-shinobi_011/sub-04_ses-shinobi_011_20210318-091402_ShinobiIIIReturnOfTheNinjaMaster-Genesis_Level1-0_004.bk2
