trial_type	onset	duration	duration_bk2	level	stim_file
gym-retro_game	0.007499999999708962	235.0815999999977	235.13333333333333	1-0	sourcedata/sub-06/ses-shinobi_011/sub-06_ses-shinobi_011_20210217-152022_ShinobiIIIReturnOfTheNinjaMaster-Genesis_Level1-0_002.bk2
gym-retro_game	241.1226999999999	102.80079999999725	102.81666666666666	4-1	sourcedata/sub-06/ses-shinobi_011/sub-06_ses-shinobi_011_20210217-152022_ShinobiIIIReturnOfTheNinjaMaster-Genesis_Level4-1_001.bk2
gym-retro_game	349.957699999999	241.41939999999886	222.06666666666666	5-0	
gym-retro_game	597.4114999999983	217.119200000001	217.11666666666667	1-0	sourcedata/sub-06/ses-shinobi_011/sub-06_ses-shinobi_011_20210217-152022_ShinobiIIIReturnOfTheNinjaMaster-Genesis_Level1-0_003.bk2
