trial_type	onset	duration	level	stim_file
gym-retro_game	0.007499999999708962	245.07150000000001	1-0	sourcedata/sub-06/ses-shinobi_010/sub-06_ses-shinobi_010_20210212-152904_ShinobiIIIReturnOfTheNinjaMaster-Genesis_Level1-0_003.bk2
gym-retro_game	251.14660000000003	256.5522999999994	4-1	
gym-retro_game	513.7330000000002	246.41899999999987	5-0	
