trial_type	onset	duration	duration_bk2	level	stim_file
gym-retro_game	0.007599999982630834	170.78690000000643	170.85	1-0	sourcedata/sub-01/ses-shinobi_012/sub-01_ses-shinobi_012_20201211-110949_ShinobiIIIReturnOfTheNinjaMaster-Genesis_Level1-0_002.bk2
gym-retro_game	176.82809999998426	66.06750000000466	118.03333333333333	4-1	
gym-retro_game	248.92850000000908	153.9358999999822	153.95	5-0	sourcedata/sub-01/ses-shinobi_012/sub-01_ses-shinobi_012_20201211-110949_ShinobiIIIReturnOfTheNinjaMaster-Genesis_Level5-0_001.bk2
gym-retro_game	408.93129999999655	160.11799999998766	160.13333333333333	1-0	sourcedata/sub-01/ses-shinobi_012/sub-01_ses-shinobi_012_20201211-110949_ShinobiIIIReturnOfTheNinjaMaster-Genesis_Level1-0_003.bk2
gym-retro_game	575.1001999999862	104.83420000001206	104.83333333333333	4-1	sourcedata/sub-01/ses-shinobi_012/sub-01_ses-shinobi_012_20201211-110949_ShinobiIIIReturnOfTheNinjaMaster-Genesis_Level4-1_002.bk2
