trial_type	onset	duration	duration_bk2	level	stim_file
gym-retro_game	0.007400000002235174	311.912599999996	311.95	1-0	sourcedata/sub-06/ses-shinobi_012/sub-06_ses-shinobi_012_20210224-152833_ShinobiIIIReturnOfTheNinjaMaster-Genesis_Level1-0_002.bk2
gym-retro_game	317.95270000000164	245.15370000000257	245.16666666666666	4-1	sourcedata/sub-06/ses-shinobi_012/sub-06_ses-shinobi_012_20210224-152833_ShinobiIIIReturnOfTheNinjaMaster-Genesis_Level4-1_002.bk2
gym-retro_game	569.1402999999991	194.58520000000135	227.93333333333334	5-0	
