trial_type	onset	duration	duration_bk2	level	stim_file
gym-retro_game	0.007400000002235174	245.10839999999735	275.68333333333334	1-0	
gym-retro_game	251.14949999999953	267.787900000003	267.8	4-1	sourcedata/sub-06/ses-shinobi_012/sub-06_ses-shinobi_012_20210224-152833_ShinobiIIIReturnOfTheNinjaMaster-Genesis_Level4-1_000.bk2
gym-retro_game	524.9709999999977	227.93570000000182	227.93333333333334	5-0	sourcedata/sub-06/ses-shinobi_012/sub-06_ses-shinobi_012_20210224-152833_ShinobiIIIReturnOfTheNinjaMaster-Genesis_Level5-0_000.bk2
