trial_type	onset	duration	duration_bk2	level	stim_file
gym-retro_game	0.0073999999985971	184.22510000000148	155.45	1-0	Missing file
gym-retro_game	190.26620000000003	92.41739999999844	92.43333333333334	4-1	sub-01/ses-008/gamelogs/sub-01_ses-008_task-shinobi_run-02_level-4_rep-02.bk2
gym-retro_game	288.71709999999985	145.5023000000001	145.51666666666668	5-0	sub-01/ses-008/gamelogs/sub-01_ses-008_task-shinobi_run-02_level-5_rep-02.bk2
gym-retro_game	440.2526999999991	156.45169999999962	156.46666666666667	1-0	sub-01/ses-008/gamelogs/sub-01_ses-008_task-shinobi_run-02_level-1_rep-03.bk2
gym-retro_game	602.7718999999997	122.384	122.38333333333334	4-1	sub-01/ses-008/gamelogs/sub-01_ses-008_task-shinobi_run-02_level-4_rep-03.bk2
