trial_type	onset	duration	duration_bk2	level	stim_file
gym-retro_game	0.015399999989313	179.18940000000293	179.13333333333333	1-0	sub-02/ses-002/gamelogs/sub-02_ses-002_task-shinobi_run-01_level-1_rep-01.bk2
gym-retro_game	185.247199999998	119.11499999999069	119.15	4-1	sub-02/ses-002/gamelogs/sub-02_ses-002_task-shinobi_run-01_level-4_rep-01.bk2
gym-retro_game	310.40499999999884	197.13949999999025	197.15	5-0	sub-02/ses-002/gamelogs/sub-02_ses-002_task-shinobi_run-01_level-5_rep-01.bk2
gym-retro_game	513.5824999999895	89.62829999999667	89.68333333333334	1-0	sub-02/ses-002/gamelogs/sub-02_ses-002_task-shinobi_run-01_level-1_rep-02.bk2
