trial_type	onset	duration	duration_bk2	level	stim_file
gym-retro_game	0.007599999982630834	245.07090000002063	245.13333333333333	1-0	sourcedata/sub-06/ses-shinobi_003/sub-06_ses-shinobi_003_20201218-144357_ShinobiIIIReturnOfTheNinjaMaster-Genesis_Level1-0_003.bk2
gym-retro_game	251.11209999999846	193.0682000000088	193.08333333333334	4-1	sourcedata/sub-06/ses-shinobi_003/sub-06_ses-shinobi_003_20201218-144357_ShinobiIIIReturnOfTheNinjaMaster-Genesis_Level4-1_002.bk2
gym-retro_game	450.2146000000066	229.3855999999796	235.7	5-0	
