trial_type	onset	duration	level	stim_file
gym-retro_game	0.007299999997485429	301.87919999999576	1-0	sourcedata/sub-06/ses-shinobi_003/sub-06_ses-shinobi_003_20201218-144357_ShinobiIIIReturnOfTheNinjaMaster-Genesis_Level1-0_002.bk2
gym-retro_game	307.9200000000128	255.95239999998012	4-1	
gym-retro_game	569.9066000000166	210.0353999999934	5-0	
