	trial_type	onset	duration	duration_bk2	level	stim_file
0	gym-retro_game	0.0072999999974854	301.87919999999576	301.93333333333334	1-0	sourcedata/sub-06/behavior/ses-shinobi_003/sub-06_ses-shinobi_003_20201218-144357_ShinobiIIIReturnOfTheNinjaMaster-Genesis_Level1-0_002.bk2
1	gym-retro_game	307.9200000000128	255.9523999999801	352.8666666666667	4-1	Missing file
2	gym-retro_game	569.9066000000166	210.0353999999934	235.7	5-0	Missing file
