trial_type	onset	duration	duration_bk2	level	stim_file
gym-retro_game	0.0176999999966938	159.42609999999695	159.48333333333332	1-0	sub-01/ses-007/gamelogs/sub-01_ses-007_task-shinobi_run-01_level-1_rep-01.bk2
gym-retro_game	165.4771999999939	98.13390000000072	98.15	4-1	sub-01/ses-007/gamelogs/sub-01_ses-007_task-shinobi_run-01_level-4_rep-01.bk2
gym-retro_game	269.644100000005	134.91719999999623	134.93333333333334	5-0	sub-01/ses-007/gamelogs/sub-01_ses-007_task-shinobi_run-01_level-5_rep-01.bk2
gym-retro_game	410.59509999999136	158.4331000000093	158.45	1-0	sub-01/ses-007/gamelogs/sub-01_ses-007_task-shinobi_run-01_level-1_rep-02.bk2
gym-retro_game	575.0620999999956	106.96689999999944	106.96666666666668	4-1	sub-01/ses-007/gamelogs/sub-01_ses-007_task-shinobi_run-01_level-4_rep-02.bk2
