trial_type	onset	duration	duration_bk2	level	stim_file
gym-retro_game	0.007299999997485429	178.88450000000012	189.93333333333334	1-0	
gym-retro_game	184.95899999999529	143.7164000000048	143.73333333333332	4-1	sourcedata/sub-04/ses-shinobi_009/sub-04_ses-shinobi_009_20210311-090537_ShinobiIIIReturnOfTheNinjaMaster-Genesis_Level4-1_002.bk2
gym-retro_game	334.7095999999947	173.8657000000021	173.88333333333333	5-0	sourcedata/sub-04/ses-shinobi_009/sub-04_ses-shinobi_009_20210311-090537_ShinobiIIIReturnOfTheNinjaMaster-Genesis_Level5-0_002.bk2
gym-retro_game	514.6094000000012	176.9481999999989	176.95	1-0	sourcedata/sub-04/ses-shinobi_009/sub-04_ses-shinobi_009_20210311-090537_ShinobiIIIReturnOfTheNinjaMaster-Genesis_Level1-0_003.bk2
