trial_type	onset	duration	level	stim_file
gym-retro_game	0.00819999999657739	135.06010000000242	1-0	
gym-retro_game	139.8984999999957	154.63670000000275	4-1	
gym-retro_game	299.3958999999886	130.60580000000482	5-0	
gym-retro_game	434.83379999999306	148.02500000000873	1-0	
gym-retro_game	587.6922999999952	95.2841000000044	4-1	
