trial_type	onset	duration	level	stim_file
gym-retro_game	0.0078000000066822395	140.77419999999984	1-0	
gym-retro_game	145.62900000000081	43.69690000000992	4-1	
gym-retro_game	194.1594000000041	153.34339999999793	5-0	
gym-retro_game	352.3377000000037	144.02530000000843	1-0	
gym-retro_game	501.1972000000096	66.19860000000335	4-1	
gym-retro_game	572.2225000000035	145.45850000000792	5-0	
