trial_type	onset	duration	level	stim_file
gym-retro_game	0.008000000001629815	122.91799999999057	1-0	
gym-retro_game	127.75669999999809	155.89040000000386	4-1	
gym-retro_game	288.50650000000314	126.67389999999432	5-0	
gym-retro_game	420.0097999999998	163.8752999999997	1-0	
gym-retro_game	588.7206999999908	130.66930000000866	4-1	
