trial_type	onset	duration	level	stim_file
gym-retro_game	0.007799999992130324	115.52969999999914	1-0	
gym-retro_game	120.36969999999565	169.97930000000633	4-1	
gym-retro_game	295.20819999999367	149.36070000000473	5-0	
gym-retro_game	449.4010999999882	100.38580000000366	1-0	
gym-retro_game	554.6203999999998	70.11639999999898	4-1	
