trial_type	onset	duration	duration_bk2	level	stim_file
gym-retro_game	0.007499999999708962	178.10640000000058	171.11666666666667	1-0	
gym-retro_game	184.16419999999925	178.70100000000093	178.71666666666667	4-1	sourcedata/sub-02/ses-shinobi_011/sub-02_ses-shinobi_011_20201123-103120_ShinobiIIIReturnOfTheNinjaMaster-Genesis_Level4-1_003.bk2
gym-retro_game	368.89930000000095	176.73430000000008	176.75	5-0	sourcedata/sub-02/ses-shinobi_011/sub-02_ses-shinobi_011_20201123-103120_ShinobiIIIReturnOfTheNinjaMaster-Genesis_Level5-0_003.bk2
gym-retro_game	551.7011999999995	165.45070000000123	165.45	1-0	sourcedata/sub-02/ses-shinobi_011/sub-02_ses-shinobi_011_20201123-103120_ShinobiIIIReturnOfTheNinjaMaster-Genesis_Level1-0_004.bk2
