trial_type	onset	duration	duration_bk2	level	stim_file
gym-retro_game	0.007300000001123408	280.9148000000023	280.96666666666664	1-0	sourcedata/sub-06/ses-shinobi_004/sub-06_ses-shinobi_004_20210114-131652_ShinobiIIIReturnOfTheNinjaMaster-Genesis_Level1-0_001.bk2
gym-retro_game	286.95620000000054	289.1203000000023	302.71666666666664	4-1	
gym-retro_game	582.1599999999999	223.9359000000004	223.93333333333334	5-0	sourcedata/sub-06/ses-shinobi_004/sub-06_ses-shinobi_004_20210114-131652_ShinobiIIIReturnOfTheNinjaMaster-Genesis_Level5-0_000.bk2
