trial_type	onset	duration	duration_bk2	level	stim_file
gym-retro_game	0.007600000000820728	295.90309999999954	295.96666666666664	1-0	sourcedata/sub-06/ses-shinobi_004/sub-06_ses-shinobi_004_20210114-131652_ShinobiIIIReturnOfTheNinjaMaster-Genesis_Level1-0_002.bk2
gym-retro_game	301.9441999999981	241.85290000000168	241.86666666666667	4-1	sourcedata/sub-06/ses-shinobi_004/sub-06_ses-shinobi_004_20210114-131652_ShinobiIIIReturnOfTheNinjaMaster-Genesis_Level4-1_001.bk2
gym-retro_game	549.8639000000003	228.30249999999796	223.93333333333334	5-0	
