trial_type	onset	duration	duration_bk2	level	stim_file
gym-retro_game	0.0074000000022351	168.42859999999928	169.43333333333334	1-0	Missing file
gym-retro_game	174.48660000000018	191.08410000000003	191.1	4-1	sub-02/ses-007/gamelogs/sub-02_ses-007_task-shinobi_run-03_level-4_rep-03.bk2
gym-retro_game	371.60440000000017	185.03320000000167	185.05	5-0	sub-02/ses-007/gamelogs/sub-02_ses-007_task-shinobi_run-03_level-5_rep-03.bk2
gym-retro_game	562.7052000000003	161.09979999999996	161.1	1-0	sub-02/ses-007/gamelogs/sub-02_ses-007_task-shinobi_run-03_level-1_rep-04.bk2
